Heating system,Air/air heat pump,Direct electric,Gas boiler,Oil boiler,Water/air heat pump,Wood boiler
Air/air heat pump,0.6452269034253746,0.05096407722534391,,,0.027380706368017513,0.276428312981264
Direct electric,0.1539175887278445,0.39589314188848646,0.044166176248895246,0.00519733739653844,0.03604913205251712,0.3647766236857182
Gas boiler,0.028890026537926352,0.026538685816231943,0.6137222086889372,0.07599562091455707,0.14756975082775417,0.10728370721459327
Oil boiler,0.012250342867367222,0.11424276794439883,0.05689853849714329,0.03944315728530097,0.09406822044583012,0.6830969729599595
Water/air heat pump,0.015667661714017234,0.01064369648444278,0.05149701027689325,,0.8095539233972143,0.11263770812743232
Wood boiler,0.07333086922461851,0.1397438480019994,0.07860999044969899,0.01868750763274131,0.03935346954549706,0.6502743151454446
