Income owner,Heater,Insulation
D1,0.759055118,0.759055118
D2,0.759055118,0.759055118
D3,0.759055118,0.759055118
D4,1.059340659,1.059340659
D5,1.059340659,1.059340659
D6,1.50625,1.50625
D7,1.50625,1.50625
D8,1.50625,1.50625
D9,1.50625,1.50625
D10,1.50625,1.50625