Performance,
G,1.650819668
F,2.952687706
E,6.774627865
D,9.520392053
C,5.020858849
B,1.336679573
A,0.511165655